idDadosMaquina,percCpu,percRam,percDisco,momento,serialID
1,11.5,83.3,8.4,2022-09-20 13:43:53,AE:20:30:00:10
2,15.0,83.4,8.4,2022-09-20 13:43:53,AE:20:30:00:10
3,40.0,83.4,8.4,2022-09-20 13:43:54,AE:20:30:00:10
4,10.2,83.4,8.4,2022-09-20 13:43:54,AE:20:30:00:10
5,10.2,83.4,8.4,2022-09-20 13:43:54,AE:20:30:00:10
6,19.3,83.4,8.4,2022-09-20 13:43:55,AE:20:30:00:10
7,14.6,83.4,8.4,2022-09-20 13:43:55,AE:20:30:00:10
8,11.4,83.1,8.4,2022-09-20 13:43:55,AE:20:30:00:10
9,13.2,83.1,8.4,2022-09-20 13:43:55,AE:20:30:00:10
10,10.3,83.1,8.4,2022-09-20 13:43:56,AE:20:30:00:10
11,19.4,83.4,8.4,2022-09-20 13:43:56,AE:20:30:00:10
12,15.9,83.4,8.4,2022-09-20 13:43:56,AE:20:30:00:10
13,16.3,83.4,8.4,2022-09-20 13:43:56,AE:20:30:00:10
14,14.0,83.4,8.4,2022-09-20 13:43:56,AE:20:30:00:10
15,15.0,83.4,8.4,2022-09-20 13:43:57,AE:20:30:00:10
16,13.8,83.4,8.4,2022-09-20 13:43:57,AE:20:30:00:10
17,12.5,83.4,8.4,2022-09-20 13:43:57,AE:20:30:00:10
18,17.9,83.4,8.4,2022-09-20 13:43:57,AE:20:30:00:10
19,33.3,83.4,8.4,2022-09-20 13:43:58,AE:20:30:00:10
20,19.3,83.4,8.4,2022-09-20 13:43:58,AE:20:30:00:10
21,21.7,83.4,8.4,2022-09-20 13:43:58,AE:20:30:00:10
22,17.5,83.4,8.4,2022-09-20 13:43:58,AE:20:30:00:10
23,17.0,83.4,8.4,2022-09-20 13:43:58,AE:20:30:00:10
24,25.0,83.4,8.4,2022-09-20 13:43:59,AE:20:30:00:10
25,14.1,83.4,8.4,2022-09-20 13:43:59,AE:20:30:00:10
26,13.9,83.4,8.4,2022-09-20 13:43:59,AE:20:30:00:10
27,13.0,83.4,8.4,2022-09-20 13:43:59,AE:20:30:00:10
28,30.9,83.4,8.4,2022-09-20 13:43:59,AE:20:30:00:10
29,22.2,83.3,8.4,2022-09-20 13:44:00,AE:20:30:00:10
30,18.1,83.4,8.4,2022-09-20 13:44:00,AE:20:30:00:10
31,20.5,83.3,8.4,2022-09-20 13:44:00,AE:20:30:00:10
32,16.3,83.4,8.4,2022-09-20 13:44:00,AE:20:30:00:10
33,12.1,83.4,8.4,2022-09-20 13:44:01,AE:20:30:00:10
34,18.2,83.4,8.4,2022-09-20 13:44:01,AE:20:30:00:10
35,15.5,83.4,8.4,2022-09-20 13:44:01,AE:20:30:00:10
36,22.6,83.4,8.4,2022-09-20 13:44:01,AE:20:30:00:10
37,20.2,83.4,8.4,2022-09-20 13:44:01,AE:20:30:00:10
38,31.3,83.4,8.4,2022-09-20 13:44:02,AE:20:30:00:10
39,16.3,83.4,8.4,2022-09-20 13:44:02,AE:20:30:00:10
40,25.0,83.4,8.4,2022-09-20 13:44:02,AE:20:30:00:10
41,15.6,83.4,8.4,2022-09-20 13:44:02,AE:20:30:00:10
42,17.3,83.4,8.4,2022-09-20 13:44:02,AE:20:30:00:10
43,17.7,83.4,8.4,2022-09-20 13:44:03,AE:20:30:00:10
44,16.5,83.4,8.4,2022-09-20 13:44:03,AE:20:30:00:10
45,47.5,83.8,8.4,2022-09-20 13:44:03,AE:20:30:00:10
46,58.6,84.1,8.4,2022-09-20 13:44:03,AE:20:30:00:10
47,74.0,84.2,8.4,2022-09-20 13:44:04,AE:20:30:00:10
48,61.3,84.3,8.4,2022-09-20 13:44:04,AE:20:30:00:10
49,25.2,84.3,8.4,2022-09-20 13:44:04,AE:20:30:00:10
50,28.3,84.3,8.4,2022-09-20 13:44:04,AE:20:30:00:10
51,24.4,84.3,8.4,2022-09-20 13:44:05,AE:20:30:00:10
52,20.5,84.2,8.4,2022-09-20 13:44:05,AE:20:30:00:10
53,14.2,84.2,8.4,2022-09-20 13:44:05,AE:20:30:00:10
54,29.6,84.1,8.4,2022-09-20 13:44:05,AE:20:30:00:10
55,63.3,84.2,8.4,2022-09-20 13:44:06,AE:20:30:00:10
56,52.6,84.2,8.4,2022-09-20 13:44:06,AE:20:30:00:10
57,57.0,84.2,8.4,2022-09-20 13:44:06,AE:20:30:00:10
58,56.0,84.2,8.4,2022-09-20 13:44:06,AE:20:30:00:10
59,25.0,84.3,8.4,2022-09-20 13:44:06,AE:20:30:00:10
60,21.6,84.3,8.4,2022-09-20 13:44:07,AE:20:30:00:10
61,29.1,84.2,8.4,2022-09-20 13:44:07,AE:20:30:00:10
62,21.3,84.2,8.4,2022-09-20 13:44:07,AE:20:30:00:10
63,16.7,84.1,8.4,2022-09-20 13:44:07,AE:20:30:00:10
64,67.5,84.4,8.4,2022-09-20 13:44:08,AE:20:30:00:10
65,51.9,84.5,8.4,2022-09-20 13:44:08,AE:20:30:00:10
66,52.0,84.6,8.4,2022-09-20 13:44:08,AE:20:30:00:10
67,63.7,84.7,8.4,2022-09-20 13:44:08,AE:20:30:00:10
68,55.8,84.9,8.4,2022-09-20 13:44:08,AE:20:30:00:10
69,43.0,85.0,8.4,2022-09-20 13:44:09,AE:20:30:00:10
70,20.2,85.0,8.4,2022-09-20 13:44:09,AE:20:30:00:10
71,22.6,85.0,8.4,2022-09-20 13:44:09,AE:20:30:00:10
72,23.7,84.8,8.4,2022-09-20 13:44:09,AE:20:30:00:10
73,46.3,84.8,8.4,2022-09-20 13:44:10,AE:20:30:00:10
74,13.5,84.8,8.4,2022-09-20 13:44:10,AE:20:30:00:10
75,42.1,84.3,8.4,2022-09-20 13:44:10,AE:20:30:00:10
76,39.5,84.2,8.4,2022-09-20 13:44:10,AE:20:30:00:10
77,18.3,84.2,8.4,2022-09-20 13:44:10,AE:20:30:00:10
78,22.5,84.2,8.4,2022-09-20 13:44:11,AE:20:30:00:10
79,30.0,84.1,8.4,2022-09-20 13:44:11,AE:20:30:00:10
80,12.2,84.1,8.4,2022-09-20 13:44:11,AE:20:30:00:10
81,18.2,83.9,8.4,2022-09-20 13:44:11,AE:20:30:00:10
82,25.0,83.9,8.4,2022-09-20 13:44:11,AE:20:30:00:10
83,22.4,83.9,8.4,2022-09-20 13:44:12,AE:20:30:00:10
84,17.1,83.9,8.4,2022-09-20 13:44:12,AE:20:30:00:10
85,39.2,83.9,8.4,2022-09-20 13:44:12,AE:20:30:00:10
86,35.1,83.9,8.4,2022-09-20 13:44:12,AE:20:30:00:10
87,27.8,83.9,8.4,2022-09-20 13:44:13,AE:20:30:00:10
88,20.0,83.9,8.4,2022-09-20 13:44:13,AE:20:30:00:10
89,44.4,83.8,8.4,2022-09-20 13:44:13,AE:20:30:00:10
90,55.8,83.6,8.4,2022-09-20 13:44:13,AE:20:30:00:10
91,18.3,83.6,8.4,2022-09-20 13:44:13,AE:20:30:00:10
92,54.4,83.6,8.4,2022-09-20 13:44:14,AE:20:30:00:10
93,44.9,83.6,8.4,2022-09-20 13:44:14,AE:20:30:00:10
94,37.8,83.6,8.4,2022-09-20 13:44:14,AE:20:30:00:10
95,22.4,83.6,8.4,2022-09-20 13:44:14,AE:20:30:00:10
96,33.8,83.6,8.4,2022-09-20 13:44:15,AE:20:30:00:10
97,14.1,83.6,8.4,2022-09-20 13:44:15,AE:20:30:00:10
98,27.8,83.7,8.4,2022-09-20 13:44:15,AE:20:30:00:10
99,19.1,83.7,8.4,2022-09-20 13:44:15,AE:20:30:00:10
100,25.9,83.8,8.4,2022-09-20 13:44:16,AE:20:30:00:10
101,20.8,83.8,8.4,2022-09-20 13:44:16,AE:20:30:00:10
102,13.8,83.8,8.4,2022-09-20 13:44:16,AE:20:30:00:10
103,23.4,83.8,8.4,2022-09-20 13:44:16,AE:20:30:00:10
104,16.2,83.8,8.4,2022-09-20 13:44:16,AE:20:30:00:10
105,15.6,83.8,8.4,2022-09-20 13:44:17,AE:20:30:00:10
106,15.0,83.8,8.4,2022-09-20 13:44:17,AE:20:30:00:10
107,12.5,83.8,8.4,2022-09-20 13:44:17,AE:20:30:00:10
108,19.3,83.8,8.4,2022-09-20 13:44:17,AE:20:30:00:10
109,21.4,83.8,8.4,2022-09-20 13:44:18,AE:20:30:00:10
110,12.7,83.8,8.4,2022-09-20 13:44:18,AE:20:30:00:10
111,17.5,83.8,8.4,2022-09-20 13:44:18,AE:20:30:00:10
112,14.1,83.8,8.4,2022-09-20 13:44:18,AE:20:30:00:10
113,16.0,83.8,8.4,2022-09-20 13:44:18,AE:20:30:00:10
114,24.4,83.8,8.4,2022-09-20 13:44:19,AE:20:30:00:10
115,8.9,83.8,8.4,2022-09-20 13:44:19,AE:20:30:00:10
116,12.8,83.8,8.4,2022-09-20 13:44:19,AE:20:30:00:10
117,17.1,83.6,8.4,2022-09-20 13:44:19,AE:20:30:00:10
118,16.9,83.6,8.4,2022-09-20 13:44:19,AE:20:30:00:10
119,15.9,83.5,8.4,2022-09-20 13:44:20,AE:20:30:00:10
120,16.9,83.5,8.4,2022-09-20 13:44:20,AE:20:30:00:10
121,13.5,83.5,8.4,2022-09-20 13:44:20,AE:20:30:00:10
122,32.5,83.5,8.4,2022-09-20 13:44:20,AE:20:30:00:10
123,19.5,83.5,8.4,2022-09-20 13:44:20,AE:20:30:00:10
124,15.4,83.5,8.4,2022-09-20 13:44:21,AE:20:30:00:10
125,18.5,83.5,8.4,2022-09-20 13:44:21,AE:20:30:00:10
126,18.8,83.5,8.4,2022-09-20 13:44:21,AE:20:30:00:10
127,16.3,83.5,8.4,2022-09-20 13:44:21,AE:20:30:00:10
128,23.7,83.5,8.4,2022-09-20 13:44:21,AE:20:30:00:10
129,17.3,83.5,8.4,2022-09-20 13:44:22,AE:20:30:00:10
130,14.1,83.5,8.4,2022-09-20 13:44:22,AE:20:30:00:10
131,17.6,83.5,8.4,2022-09-20 13:44:22,AE:20:30:00:10
132,13.4,83.5,8.4,2022-09-20 13:44:22,AE:20:30:00:10
133,9.5,83.5,8.4,2022-09-20 13:44:23,AE:20:30:00:10
134,15.2,83.5,8.4,2022-09-20 13:44:23,AE:20:30:00:10
135,19.3,83.5,8.4,2022-09-20 13:44:23,AE:20:30:00:10
136,14.1,83.5,8.4,2022-09-20 13:44:23,AE:20:30:00:10
137,21.4,83.5,8.4,2022-09-20 13:44:24,AE:20:30:00:10
138,8.9,83.5,8.4,2022-09-20 13:44:24,AE:20:30:00:10
139,8.9,83.5,8.4,2022-09-20 13:44:24,AE:20:30:00:10
140,14.0,83.5,8.4,2022-09-20 13:44:24,AE:20:30:00:10
141,14.3,83.5,8.4,2022-09-20 13:44:25,AE:20:30:00:10
142,11.7,83.5,8.4,2022-09-20 13:44:25,AE:20:30:00:10
143,22.9,83.5,8.4,2022-09-20 13:44:25,AE:20:30:00:10
144,14.8,83.5,8.4,2022-09-20 13:44:25,AE:20:30:00:10
145,14.5,83.5,8.4,2022-09-20 13:44:26,AE:20:30:00:10
146,15.3,83.5,8.4,2022-09-20 13:44:26,AE:20:30:00:10
147,15.9,83.5,8.4,2022-09-20 13:44:26,AE:20:30:00:10
148,17.9,83.5,8.4,2022-09-20 13:44:26,AE:20:30:00:10
149,17.3,83.5,8.4,2022-09-20 13:44:26,AE:20:30:00:10
150,18.7,83.5,8.4,2022-09-20 13:44:27,AE:20:30:00:10
151,18.2,83.5,8.4,2022-09-20 13:44:27,AE:20:30:00:10
152,41.5,83.9,8.4,2022-09-20 13:44:27,AE:20:30:00:10
153,54.3,84.1,8.4,2022-09-20 13:44:27,AE:20:30:00:10
154,45.7,84.2,8.4,2022-09-20 13:44:27,AE:20:30:00:10
155,50.6,84.2,8.4,2022-09-20 13:44:28,AE:20:30:00:10
156,34.5,84.2,8.4,2022-09-20 13:44:28,AE:20:30:00:10
157,13.2,84.1,8.4,2022-09-20 13:44:28,AE:20:30:00:10
158,20.2,84.2,8.4,2022-09-20 13:44:28,AE:20:30:00:10
159,21.7,84.2,8.4,2022-09-20 13:44:29,AE:20:30:00:10
160,12.5,84.2,8.4,2022-09-20 13:44:29,AE:20:30:00:10
161,16.7,83.8,8.4,2022-09-20 13:44:29,AE:20:30:00:10
162,13.8,83.8,8.4,2022-09-20 13:44:29,AE:20:30:00:10
163,18.3,83.8,8.4,2022-09-20 13:44:30,AE:20:30:00:10
164,15.8,83.8,8.4,2022-09-20 13:44:30,AE:20:30:00:10
165,10.4,83.7,8.4,2022-09-20 13:44:30,AE:20:30:00:10
166,18.5,83.7,8.4,2022-09-20 13:44:30,AE:20:30:00:10
167,16.7,83.7,8.4,2022-09-20 13:44:31,AE:20:30:00:10
168,15.6,83.7,8.4,2022-09-20 13:44:31,AE:20:30:00:10
169,16.5,83.7,8.4,2022-09-20 13:44:31,AE:20:30:00:10
170,8.5,83.7,8.4,2022-09-20 13:44:31,AE:20:30:00:10
171,15.7,83.7,8.4,2022-09-20 13:44:31,AE:20:30:00:10
172,20.5,83.7,8.4,2022-09-20 13:44:32,AE:20:30:00:10
173,9.4,83.7,8.4,2022-09-20 13:44:32,AE:20:30:00:10
174,9.9,83.7,8.4,2022-09-20 13:44:32,AE:20:30:00:10
175,14.5,83.6,8.4,2022-09-20 13:44:32,AE:20:30:00:10
176,12.5,83.6,8.4,2022-09-20 13:44:32,AE:20:30:00:10
177,10.1,83.6,8.4,2022-09-20 13:44:33,AE:20:30:00:10
178,7.4,83.6,8.4,2022-09-20 13:44:33,AE:20:30:00:10
179,14.8,83.6,8.4,2022-09-20 13:44:33,AE:20:30:00:10
180,9.3,83.5,8.4,2022-09-20 13:44:33,AE:20:30:00:10
181,17.2,83.5,8.4,2022-09-20 13:44:34,AE:20:30:00:10
182,9.8,83.5,8.4,2022-09-20 13:44:34,AE:20:30:00:10
183,11.5,83.4,8.4,2022-09-20 13:44:34,AE:20:30:00:10
184,7.6,83.4,8.4,2022-09-20 13:44:35,AE:20:30:00:10
185,17.1,83.4,8.4,2022-09-20 13:44:35,AE:20:30:00:10
186,13.9,83.4,8.4,2022-09-20 13:44:35,AE:20:30:00:10
187,8.2,83.3,8.4,2022-09-20 13:44:35,AE:20:30:00:10
188,10.1,83.3,8.4,2022-09-20 13:44:35,AE:20:30:00:10
189,19.3,83.4,8.4,2022-09-20 13:44:36,AE:20:30:00:10
190,13.6,83.4,8.4,2022-09-20 13:44:36,AE:20:30:00:10
191,9.6,83.4,8.4,2022-09-20 13:44:36,AE:20:30:00:10
192,13.3,83.4,8.4,2022-09-20 13:44:37,AE:20:30:00:10
193,10.3,83.4,8.4,2022-09-20 13:44:37,AE:20:30:00:10
194,12.2,83.4,8.4,2022-09-20 13:44:37,AE:20:30:00:10
195,20.2,83.4,8.4,2022-09-20 13:44:37,AE:20:30:00:10
196,13.5,83.4,8.4,2022-09-20 13:44:37,AE:20:30:00:10
197,14.1,83.4,8.4,2022-09-20 13:44:38,AE:20:30:00:10
198,15.5,83.4,8.4,2022-09-20 13:44:38,AE:20:30:00:10
199,9.0,83.4,8.4,2022-09-20 13:44:38,AE:20:30:00:10
200,14.5,83.4,8.4,2022-09-20 13:44:38,AE:20:30:00:10
201,18.0,83.4,8.4,2022-09-20 13:44:39,AE:20:30:00:10
202,11.0,83.4,8.4,2022-09-20 13:44:39,AE:20:30:00:10
203,14.1,83.4,8.4,2022-09-20 13:44:39,AE:20:30:00:10
204,18.1,83.4,8.4,2022-09-20 13:44:39,AE:20:30:00:10
205,11.2,83.4,8.4,2022-09-20 13:44:40,AE:20:30:00:10
206,17.3,83.4,8.4,2022-09-20 13:44:40,AE:20:30:00:10
207,16.7,83.4,8.4,2022-09-20 13:44:40,AE:20:30:00:10
208,13.0,83.4,8.4,2022-09-20 13:44:40,AE:20:30:00:10
209,11.3,83.4,8.4,2022-09-20 13:44:40,AE:20:30:00:10
210,9.9,83.4,8.4,2022-09-20 13:44:41,AE:20:30:00:10
211,18.3,83.4,8.4,2022-09-20 13:44:41,AE:20:30:00:10
212,12.5,83.4,8.4,2022-09-20 13:44:41,AE:20:30:00:10
213,19.5,83.8,8.4,2022-09-20 13:44:41,AE:20:30:00:10
214,15.5,83.8,8.4,2022-09-20 13:44:42,AE:20:30:00:10
215,7.8,83.8,8.4,2022-09-20 13:44:42,AE:20:30:00:10
216,16.5,83.8,8.4,2022-09-20 13:44:42,AE:20:30:00:10
217,22.4,83.8,8.4,2022-09-20 13:44:42,AE:20:30:00:10
218,31.9,83.9,8.4,2022-09-20 13:44:43,AE:20:30:00:10
219,31.0,84.0,8.4,2022-09-20 13:44:43,AE:20:30:00:10
220,24.0,84.0,8.4,2022-09-20 13:44:43,AE:20:30:00:10
221,27.5,84.1,8.4,2022-09-20 13:44:44,AE:20:30:00:10
222,3.9,84.1,8.4,2022-09-20 13:44:44,AE:20:30:00:10
223,7.4,84.1,8.4,2022-09-20 13:44:44,AE:20:30:00:10
224,7.1,83.7,8.4,2022-09-20 13:44:44,AE:20:30:00:10
225,7.9,83.7,8.4,2022-09-20 13:44:45,AE:20:30:00:10
226,12.5,83.7,8.4,2022-09-20 13:44:45,AE:20:30:00:10
227,9.5,83.7,8.4,2022-09-20 13:44:45,AE:20:30:00:10
228,7.7,83.7,8.4,2022-09-20 13:44:45,AE:20:30:00:10
229,22.2,83.4,8.4,2022-09-20 13:44:45,AE:20:30:00:10
230,25.3,83.4,8.4,2022-09-20 13:44:46,AE:20:30:00:10
231,20.6,83.4,8.4,2022-09-20 13:44:46,AE:20:30:00:10
232,26.8,83.4,8.4,2022-09-20 13:44:46,AE:20:30:00:10
233,20.3,83.4,8.4,2022-09-20 13:44:46,AE:20:30:00:10
234,11.0,83.4,8.4,2022-09-20 13:44:47,AE:20:30:00:10
235,10.1,83.4,8.4,2022-09-20 13:44:47,AE:20:30:00:10
236,9.4,83.4,8.4,2022-09-20 13:44:47,AE:20:30:00:10
237,12.7,83.4,8.4,2022-09-20 13:44:47,AE:20:30:00:10
238,8.9,83.4,8.4,2022-09-20 13:44:47,AE:20:30:00:10
239,16.5,83.6,8.4,2022-09-20 13:44:48,AE:20:30:00:10
240,11.7,83.6,8.4,2022-09-20 13:44:48,AE:20:30:00:10
241,7.9,83.6,8.4,2022-09-20 13:44:48,AE:20:30:00:10
242,27.1,83.8,8.4,2022-09-20 13:44:49,AE:20:30:00:10
243,22.3,83.8,8.4,2022-09-20 13:44:49,AE:20:30:00:10
244,10.1,83.7,8.4,2022-09-20 13:44:49,AE:20:30:00:10
245,6.4,83.7,8.4,2022-09-20 13:44:49,AE:20:30:00:10
246,17.9,83.7,8.4,2022-09-20 13:44:50,AE:20:30:00:10
247,23.8,83.8,8.4,2022-09-20 13:44:50,AE:20:30:00:10
248,53.8,84.4,8.4,2022-09-20 13:44:50,AE:20:30:00:10
249,48.7,84.4,8.4,2022-09-20 13:44:50,AE:20:30:00:10
250,38.2,84.4,8.4,2022-09-20 13:44:50,AE:20:30:00:10
251,47.0,84.4,8.4,2022-09-20 13:44:51,AE:20:30:00:10
252,45.1,84.4,8.4,2022-09-20 13:44:51,AE:20:30:00:10
253,47.5,84.4,8.4,2022-09-20 13:44:51,AE:20:30:00:10
254,31.0,84.3,8.4,2022-09-20 13:44:51,AE:20:30:00:10
255,17.3,84.3,8.4,2022-09-20 13:44:51,AE:20:30:00:10
256,26.2,84.3,8.4,2022-09-20 13:44:52,AE:20:30:00:10
257,18.3,84.3,8.4,2022-09-20 13:44:52,AE:20:30:00:10
258,28.6,84.2,8.4,2022-09-20 13:44:52,AE:20:30:00:10
259,64.0,84.6,8.4,2022-09-20 13:44:53,AE:20:30:00:10
260,43.4,84.7,8.4,2022-09-20 13:44:53,AE:20:30:00:10
261,46.2,84.6,8.4,2022-09-20 13:44:53,AE:20:30:00:10
262,16.8,84.4,8.4,2022-09-20 13:44:53,AE:20:30:00:10
263,34.1,84.3,8.4,2022-09-20 13:44:53,AE:20:30:00:10
264,51.7,84.3,8.4,2022-09-20 13:44:54,AE:20:30:00:10
265,36.1,84.3,8.4,2022-09-20 13:44:54,AE:20:30:00:10
266,24.0,83.9,8.4,2022-09-20 13:44:54,AE:20:30:00:10
267,9.0,83.9,8.4,2022-09-20 13:44:54,AE:20:30:00:10
268,18.1,83.9,8.4,2022-09-20 13:44:55,AE:20:30:00:10
269,10.6,83.8,8.4,2022-09-20 13:44:55,AE:20:30:00:10
270,13.6,83.8,8.4,2022-09-20 13:44:55,AE:20:30:00:10
271,14.1,83.7,8.4,2022-09-20 13:44:55,AE:20:30:00:10
272,17.4,83.7,8.4,2022-09-20 13:44:56,AE:20:30:00:10
273,23.3,83.6,8.4,2022-09-20 13:44:56,AE:20:30:00:10
274,7.5,83.6,8.4,2022-09-20 13:44:56,AE:20:30:00:10
275,6.5,83.6,8.4,2022-09-20 13:44:56,AE:20:30:00:10
276,23.3,83.6,8.4,2022-09-20 13:44:57,AE:20:30:00:10
277,22.6,83.6,8.4,2022-09-20 13:44:57,AE:20:30:00:10
278,24.7,83.6,8.4,2022-09-20 13:44:57,AE:20:30:00:10
279,27.1,83.9,8.4,2022-09-20 13:44:57,AE:20:30:00:10
280,21.4,83.9,8.4,2022-09-20 13:44:58,AE:20:30:00:10
281,6.6,83.8,8.4,2022-09-20 13:44:58,AE:20:30:00:10
282,10.3,83.8,8.4,2022-09-20 13:44:58,AE:20:30:00:10
283,8.9,83.8,8.4,2022-09-20 13:44:58,AE:20:30:00:10
284,8.9,83.8,8.4,2022-09-20 13:44:58,AE:20:30:00:10
285,18.8,83.9,8.4,2022-09-20 13:44:59,AE:20:30:00:10
286,8.1,83.9,8.4,2022-09-20 13:44:59,AE:20:30:00:10
287,8.9,83.9,8.4,2022-09-20 13:44:59,AE:20:30:00:10
288,7.7,83.7,8.4,2022-09-20 13:44:59,AE:20:30:00:10
289,7.6,83.7,8.4,2022-09-20 13:44:59,AE:20:30:00:10
290,10.4,83.7,8.4,2022-09-20 13:45:00,AE:20:30:00:10
291,9.8,83.7,8.4,2022-09-20 13:45:00,AE:20:30:00:10
292,13.3,83.7,8.4,2022-09-20 13:45:00,AE:20:30:00:10
293,9.8,83.7,8.4,2022-09-20 13:45:01,AE:20:30:00:10
294,9.7,83.7,8.4,2022-09-20 13:45:01,AE:20:30:00:10
295,12.3,83.5,8.4,2022-09-20 13:45:02,AE:20:30:00:10
296,12.4,83.5,8.4,2022-09-20 13:45:02,AE:20:30:00:10
297,47.6,84.2,8.4,2022-09-20 13:45:02,AE:20:30:00:10
298,41.4,84.5,8.4,2022-09-20 13:45:03,AE:20:30:00:10
299,53.4,84.5,8.4,2022-09-20 13:45:03,AE:20:30:00:10
300,43.5,84.5,8.4,2022-09-20 13:45:04,AE:20:30:00:10
301,13.2,84.5,8.4,2022-09-20 13:45:04,AE:20:30:00:10
302,25.0,84.2,8.4,2022-09-20 13:45:04,AE:20:30:00:10
303,51.8,84.7,8.4,2022-09-20 13:45:04,AE:20:30:00:10
304,55.1,84.7,8.4,2022-09-20 13:45:05,AE:20:30:00:10
305,54.4,84.7,8.4,2022-09-20 13:45:05,AE:20:30:00:10
306,55.1,84.7,8.4,2022-09-20 13:45:05,AE:20:30:00:10
307,16.7,84.6,8.4,2022-09-20 13:45:05,AE:20:30:00:10
308,13.3,84.6,8.4,2022-09-20 13:45:06,AE:20:30:00:10
309,41.2,84.7,8.4,2022-09-20 13:45:06,AE:20:30:00:10
310,26.9,84.9,8.4,2022-09-20 13:45:06,AE:20:30:00:10
311,11.4,84.8,8.4,2022-09-20 13:45:06,AE:20:30:00:10
312,12.5,84.8,8.4,2022-09-20 13:45:06,AE:20:30:00:10
313,12.3,84.8,8.4,2022-09-20 13:45:07,AE:20:30:00:10
314,12.3,84.8,8.4,2022-09-20 13:45:07,AE:20:30:00:10
315,9.2,84.8,8.4,2022-09-20 13:45:07,AE:20:30:00:10
316,16.5,83.8,8.4,2022-09-20 13:45:07,AE:20:30:00:10
317,23.0,83.9,8.4,2022-09-20 13:45:08,AE:20:30:00:10
318,25.3,83.9,8.4,2022-09-20 13:45:08,AE:20:30:00:10
319,26.2,83.9,8.4,2022-09-20 13:45:08,AE:20:30:00:10
320,22.2,83.8,8.4,2022-09-20 13:45:08,AE:20:30:00:10
321,17.3,83.8,8.4,2022-09-20 13:45:08,AE:20:30:00:10
322,17.0,83.9,8.4,2022-09-20 13:45:09,AE:20:30:00:10
323,20.7,83.9,8.4,2022-09-20 13:45:09,AE:20:30:00:10
324,27.4,83.9,8.4,2022-09-20 13:45:09,AE:20:30:00:10
325,26.9,84.0,8.4,2022-09-20 13:45:09,AE:20:30:00:10
326,29.1,84.0,8.4,2022-09-20 13:45:10,AE:20:30:00:10
327,18.8,84.0,8.4,2022-09-20 13:45:10,AE:20:30:00:10
328,27.4,84.0,8.4,2022-09-20 13:45:10,AE:20:30:00:10
329,24.3,84.1,8.4,2022-09-20 13:45:10,AE:20:30:00:10
330,22.8,84.1,8.4,2022-09-20 13:45:10,AE:20:30:00:10
331,23.3,84.1,8.4,2022-09-20 13:45:11,AE:20:30:00:10
332,30.2,84.1,8.4,2022-09-20 13:45:11,AE:20:30:00:10
333,26.6,83.8,8.4,2022-09-20 13:45:11,AE:20:30:00:10
334,30.5,83.7,8.4,2022-09-20 13:45:11,AE:20:30:00:10
335,23.2,83.7,8.4,2022-09-20 13:45:12,AE:20:30:00:10
336,14.6,83.7,8.4,2022-09-20 13:45:12,AE:20:30:00:10
337,18.3,83.7,8.4,2022-09-20 13:45:12,AE:20:30:00:10
338,18.8,83.6,8.4,2022-09-20 13:45:12,AE:20:30:00:10
339,21.9,83.7,8.4,2022-09-20 13:45:12,AE:20:30:00:10
340,12.0,83.7,8.4,2022-09-20 13:45:13,AE:20:30:00:10
341,25.0,83.7,8.4,2022-09-20 13:45:13,AE:20:30:00:10
342,27.4,83.7,8.4,2022-09-20 13:45:13,AE:20:30:00:10
343,27.4,83.7,8.4,2022-09-20 13:45:14,AE:20:30:00:10
344,12.2,83.7,8.4,2022-09-20 13:45:14,AE:20:30:00:10
345,31.5,83.5,8.4,2022-09-20 13:45:14,AE:20:30:00:10
346,19.6,83.5,8.4,2022-09-20 13:45:14,AE:20:30:00:10
347,21.8,83.5,8.4,2022-09-20 13:45:15,AE:20:30:00:10
348,23.1,83.5,8.4,2022-09-20 13:45:15,AE:20:30:00:10
349,22.4,83.4,8.4,2022-09-20 13:45:15,AE:20:30:00:10
350,19.3,83.4,8.4,2022-09-20 13:45:15,AE:20:30:00:10
351,26.8,83.4,8.4,2022-09-20 13:45:16,AE:20:30:00:10
352,11.1,83.4,8.4,2022-09-20 13:45:16,AE:20:30:00:10
353,19.8,83.4,8.4,2022-09-20 13:45:16,AE:20:30:00:10
354,9.8,83.5,8.4,2022-09-20 13:45:16,AE:20:30:00:10
355,26.9,83.5,8.4,2022-09-20 13:45:16,AE:20:30:00:10
356,25.3,83.5,8.4,2022-09-20 13:45:17,AE:20:30:00:10
357,19.0,83.5,8.4,2022-09-20 13:45:17,AE:20:30:00:10
358,24.4,83.5,8.4,2022-09-20 13:45:17,AE:20:30:00:10
359,17.3,83.4,8.4,2022-09-20 13:45:17,AE:20:30:00:10
360,23.7,83.4,8.4,2022-09-20 13:45:17,AE:20:30:00:10
361,17.3,83.4,8.4,2022-09-20 13:45:18,AE:20:30:00:10
362,13.6,83.4,8.4,2022-09-20 13:45:18,AE:20:30:00:10
363,13.8,83.4,8.4,2022-09-20 13:45:18,AE:20:30:00:10
364,7.5,83.4,8.4,2022-09-20 13:45:18,AE:20:30:00:10
365,13.9,83.4,8.4,2022-09-20 13:45:19,AE:20:30:00:10
366,9.0,83.4,8.4,2022-09-20 13:45:19,AE:20:30:00:10
367,9.8,83.4,8.4,2022-09-20 13:45:19,AE:20:30:00:10
368,7.7,83.3,8.4,2022-09-20 13:45:19,AE:20:30:00:10
369,9.1,83.3,8.4,2022-09-20 13:45:19,AE:20:30:00:10
370,17.9,83.3,8.4,2022-09-20 13:45:20,AE:20:30:00:10
371,16.3,83.3,8.4,2022-09-20 13:45:20,AE:20:30:00:10
372,15.4,83.3,8.4,2022-09-20 13:45:20,AE:20:30:00:10
373,29.1,83.3,8.4,2022-09-20 13:45:20,AE:20:30:00:10
374,7.5,83.3,8.4,2022-09-20 13:45:21,AE:20:30:00:10
375,9.0,83.3,8.4,2022-09-20 13:45:21,AE:20:30:00:10
376,13.9,83.3,8.4,2022-09-20 13:45:21,AE:20:30:00:10
377,4.5,83.3,8.4,2022-09-20 13:45:21,AE:20:30:00:10
378,17.7,83.3,8.4,2022-09-20 13:45:21,AE:20:30:00:10
379,14.5,83.3,8.4,2022-09-20 13:45:22,AE:20:30:00:10
380,10.3,83.3,8.4,2022-09-20 13:45:22,AE:20:30:00:10
381,10.8,83.3,8.4,2022-09-20 13:45:22,AE:20:30:00:10
382,20.5,83.3,8.4,2022-09-20 13:45:22,AE:20:30:00:10
383,16.7,83.3,8.4,2022-09-20 13:45:22,AE:20:30:00:10
384,20.6,83.3,8.4,2022-09-20 13:45:23,AE:20:30:00:10
385,20.3,83.4,8.4,2022-09-20 13:45:23,AE:20:30:00:10
386,13.3,83.4,8.4,2022-09-20 13:45:23,AE:20:30:00:10
387,12.9,83.4,8.4,2022-09-20 13:45:23,AE:20:30:00:10
388,13.7,83.4,8.4,2022-09-20 13:45:24,AE:20:30:00:10
389,12.5,83.4,8.4,2022-09-20 13:45:24,AE:20:30:00:10
390,15.7,83.4,8.4,2022-09-20 13:45:24,AE:20:30:00:10
391,10.5,83.4,8.4,2022-09-20 13:45:25,AE:20:30:00:10
392,7.7,83.4,8.4,2022-09-20 13:45:25,AE:20:30:00:10
393,13.6,83.4,8.4,2022-09-20 13:45:25,AE:20:30:00:10
394,10.1,83.4,8.4,2022-09-20 13:45:26,AE:20:30:00:10
395,7.3,83.4,8.4,2022-09-20 13:45:26,AE:20:30:00:10
396,7.8,83.4,8.4,2022-09-20 13:45:26,AE:20:30:00:10
397,22.0,83.5,8.4,2022-09-20 13:45:27,AE:20:30:00:10
398,16.9,83.5,8.4,2022-09-20 13:45:27,AE:20:30:00:10
399,16.8,83.5,8.4,2022-09-20 13:45:27,AE:20:30:00:10
400,12.7,83.5,8.4,2022-09-20 13:45:27,AE:20:30:00:10
401,9.3,83.5,8.4,2022-09-20 13:45:27,AE:20:30:00:10
402,17.5,83.5,8.4,2022-09-20 13:45:28,AE:20:30:00:10
403,19.3,83.6,8.4,2022-09-20 13:45:28,AE:20:30:00:10
404,27.8,83.8,8.4,2022-09-20 13:45:28,AE:20:30:00:10
405,29.4,83.8,8.4,2022-09-20 13:45:29,AE:20:30:00:10
406,23.8,83.8,8.4,2022-09-20 13:45:29,AE:20:30:00:10
407,23.2,83.8,8.4,2022-09-20 13:45:29,AE:20:30:00:10
408,24.5,83.8,8.4,2022-09-20 13:45:29,AE:20:30:00:10
409,24.0,83.8,8.4,2022-09-20 13:45:30,AE:20:30:00:10
410,23.1,83.5,8.4,2022-09-20 13:45:30,AE:20:30:00:10
411,13.5,83.5,8.4,2022-09-20 13:45:30,AE:20:30:00:10
412,6.8,83.5,8.4,2022-09-20 13:45:31,AE:20:30:00:10
413,7.8,83.5,8.4,2022-09-20 13:45:31,AE:20:30:00:10
414,9.2,83.5,8.4,2022-09-20 13:45:31,AE:20:30:00:10
415,12.5,83.5,8.4,2022-09-20 13:45:31,AE:20:30:00:10
416,17.3,83.5,8.4,2022-09-20 13:45:32,AE:20:30:00:10
417,5.5,83.5,8.4,2022-09-20 13:45:32,AE:20:30:00:10
418,7.0,83.5,8.4,2022-09-20 13:45:32,AE:20:30:00:10
419,6.9,83.4,8.4,2022-09-20 13:45:33,AE:20:30:00:10
420,6.0,83.4,8.4,2022-09-20 13:45:33,AE:20:30:00:10
421,8.1,83.4,8.4,2022-09-20 13:45:33,AE:20:30:00:10
422,15.5,83.4,8.4,2022-09-20 13:45:34,AE:20:30:00:10
423,7.5,83.4,8.4,2022-09-20 13:45:34,AE:20:30:00:10
424,14.1,83.4,8.4,2022-09-20 13:45:34,AE:20:30:00:10
425,12.4,83.5,8.4,2022-09-20 13:45:34,AE:20:30:00:10
426,10.2,83.4,8.4,2022-09-20 13:45:35,AE:20:30:00:10
427,10.1,83.4,8.4,2022-09-20 13:45:35,AE:20:30:00:10
428,18.8,83.4,8.4,2022-09-20 13:45:35,AE:20:30:00:10
429,24.7,83.6,8.4,2022-09-20 13:45:36,AE:20:30:00:10
430,29.6,83.6,8.4,2022-09-20 13:45:36,AE:20:30:00:10
431,19.4,83.6,8.4,2022-09-20 13:45:36,AE:20:30:00:10
432,7.1,83.6,8.4,2022-09-20 13:45:36,AE:20:30:00:10
433,4.8,83.6,8.4,2022-09-20 13:45:36,AE:20:30:00:10
434,10.4,83.6,8.4,2022-09-20 13:45:37,AE:20:30:00:10
435,8.4,83.6,8.4,2022-09-20 13:45:37,AE:20:30:00:10
436,14.3,83.5,8.4,2022-09-20 13:45:37,AE:20:30:00:10
437,31.4,83.7,8.4,2022-09-20 13:45:37,AE:20:30:00:10
438,22.1,83.8,8.4,2022-09-20 13:45:38,AE:20:30:00:10
439,27.3,83.8,8.4,2022-09-20 13:45:38,AE:20:30:00:10
440,28.6,83.8,8.4,2022-09-20 13:45:38,AE:20:30:00:10
441,24.7,83.8,8.4,2022-09-20 13:45:38,AE:20:30:00:10
442,35.9,83.9,8.4,2022-09-20 13:45:39,AE:20:30:00:10
443,17.9,83.9,8.4,2022-09-20 13:45:39,AE:20:30:00:10
444,8.5,83.9,8.4,2022-09-20 13:45:39,AE:20:30:00:10
445,17.3,83.8,8.4,2022-09-20 13:45:39,AE:20:30:00:10
446,29.5,83.8,8.4,2022-09-20 13:45:39,AE:20:30:00:10
447,27.5,83.8,8.4,2022-09-20 13:45:40,AE:20:30:00:10
448,26.2,83.8,8.4,2022-09-20 13:45:40,AE:20:30:00:10
449,23.3,83.8,8.4,2022-09-20 13:45:40,AE:20:30:00:10
450,12.5,83.8,8.4,2022-09-20 13:45:40,AE:20:30:00:10
451,27.3,83.9,8.4,2022-09-20 13:45:41,AE:20:30:00:10
452,21.1,83.9,8.4,2022-09-20 13:45:41,AE:20:30:00:10
453,27.6,83.7,8.4,2022-09-20 13:45:41,AE:20:30:00:10
454,21.5,83.8,8.4,2022-09-20 13:45:41,AE:20:30:00:10
455,24.1,83.8,8.4,2022-09-20 13:45:41,AE:20:30:00:10
456,33.3,84.0,8.4,2022-09-20 13:45:42,AE:20:30:00:10
457,31.6,84.1,8.4,2022-09-20 13:45:42,AE:20:30:00:10
458,32.4,83.8,8.4,2022-09-20 13:45:42,AE:20:30:00:10
459,33.8,83.8,8.4,2022-09-20 13:45:42,AE:20:30:00:10
460,28.0,84.0,8.4,2022-09-20 13:45:43,AE:20:30:00:10
461,31.6,84.0,8.4,2022-09-20 13:45:43,AE:20:30:00:10
462,51.1,84.5,8.4,2022-09-20 13:45:43,AE:20:30:00:10
463,51.9,84.5,8.4,2022-09-20 13:45:43,AE:20:30:00:10
464,29.1,84.6,8.4,2022-09-20 13:45:43,AE:20:30:00:10
465,39.0,84.6,8.4,2022-09-20 13:45:44,AE:20:30:00:10
466,50.8,84.6,8.4,2022-09-20 13:45:44,AE:20:30:00:10
467,41.8,84.7,8.4,2022-09-20 13:45:44,AE:20:30:00:10
468,62.5,84.7,8.4,2022-09-20 13:45:44,AE:20:30:00:10
469,31.2,84.8,8.4,2022-09-20 13:45:45,AE:20:30:00:10
470,7.8,84.8,8.4,2022-09-20 13:45:45,AE:20:30:00:10
471,17.0,84.3,8.4,2022-09-20 13:45:45,AE:20:30:00:10
472,23.7,84.3,8.4,2022-09-20 13:45:45,AE:20:30:00:10
473,22.2,84.3,8.4,2022-09-20 13:45:46,AE:20:30:00:10
474,25.2,84.3,8.4,2022-09-20 13:45:46,AE:20:30:00:10
475,25.9,84.2,8.4,2022-09-20 13:45:46,AE:20:30:00:10
476,26.6,84.1,8.4,2022-09-20 13:45:46,AE:20:30:00:10
477,16.0,84.1,8.4,2022-09-20 13:45:47,AE:20:30:00:10
478,19.5,84.1,8.4,2022-09-20 13:45:47,AE:20:30:00:10
479,23.5,84.1,8.4,2022-09-20 13:45:47,AE:20:30:00:10
480,18.8,83.9,8.4,2022-09-20 13:45:47,AE:20:30:00:10
481,8.8,83.8,8.4,2022-09-20 13:45:47,AE:20:30:00:10
482,21.5,83.8,8.4,2022-09-20 13:45:48,AE:20:30:00:10
483,21.9,83.8,8.4,2022-09-20 13:45:48,AE:20:30:00:10
484,22.9,83.9,8.4,2022-09-20 13:45:48,AE:20:30:00:10
485,9.7,83.9,8.4,2022-09-20 13:45:48,AE:20:30:00:10
486,21.7,84.0,8.4,2022-09-20 13:45:49,AE:20:30:00:10
487,10.3,84.0,8.4,2022-09-20 13:45:49,AE:20:30:00:10
488,14.5,83.8,8.4,2022-09-20 13:45:49,AE:20:30:00:10
489,11.5,83.8,8.4,2022-09-20 13:45:49,AE:20:30:00:10
490,23.0,83.9,8.4,2022-09-20 13:45:50,AE:20:30:00:10
491,17.2,83.8,8.4,2022-09-20 13:45:50,AE:20:30:00:10
492,20.3,83.7,8.4,2022-09-20 13:45:50,AE:20:30:00:10
493,16.5,83.7,8.4,2022-09-20 13:45:50,AE:20:30:00:10
494,9.0,83.7,8.4,2022-09-20 13:45:51,AE:20:30:00:10
495,10.5,83.7,8.4,2022-09-20 13:45:51,AE:20:30:00:10
496,7.8,83.7,8.4,2022-09-20 13:45:51,AE:20:30:00:10
497,10.1,83.6,8.4,2022-09-20 13:45:51,AE:20:30:00:10
498,13.4,83.6,8.4,2022-09-20 13:45:51,AE:20:30:00:10
499,19.8,83.6,8.4,2022-09-20 13:45:52,AE:20:30:00:10
500,7.1,83.6,8.4,2022-09-20 13:45:52,AE:20:30:00:10
501,10.3,83.6,8.4,2022-09-20 13:45:52,AE:20:30:00:10
502,11.4,83.6,8.4,2022-09-20 13:45:52,AE:20:30:00:10
503,10.4,83.6,8.4,2022-09-20 13:45:53,AE:20:30:00:10
504,23.9,83.7,8.4,2022-09-20 13:45:53,AE:20:30:00:10
505,26.9,83.8,8.4,2022-09-20 13:45:53,AE:20:30:00:10
506,18.3,83.8,8.4,2022-09-20 13:45:53,AE:20:30:00:10
507,31.0,83.8,8.4,2022-09-20 13:45:54,AE:20:30:00:10
508,25.6,83.8,8.4,2022-09-20 13:45:54,AE:20:30:00:10
509,18.5,83.8,8.4,2022-09-20 13:45:54,AE:20:30:00:10
510,24.1,83.8,8.4,2022-09-20 13:45:54,AE:20:30:00:10
511,24.1,83.9,8.4,2022-09-20 13:45:54,AE:20:30:00:10
512,14.1,83.9,8.4,2022-09-20 13:45:55,AE:20:30:00:10
513,10.3,83.9,8.4,2022-09-20 13:45:55,AE:20:30:00:10
514,21.1,83.8,8.4,2022-09-20 13:45:55,AE:20:30:00:10
515,27.5,83.8,8.4,2022-09-20 13:45:56,AE:20:30:00:10
516,22.8,83.8,8.4,2022-09-20 13:45:56,AE:20:30:00:10
517,9.1,83.8,8.4,2022-09-20 13:45:56,AE:20:30:00:10
518,10.0,83.8,8.4,2022-09-20 13:45:56,AE:20:30:00:10
519,12.2,83.8,8.4,2022-09-20 13:45:56,AE:20:30:00:10
520,23.1,83.8,8.4,2022-09-20 13:45:57,AE:20:30:00:10
521,16.0,83.8,8.4,2022-09-20 13:45:57,AE:20:30:00:10
522,23.7,83.8,8.4,2022-09-20 13:45:57,AE:20:30:00:10
523,17.1,83.8,8.4,2022-09-20 13:45:57,AE:20:30:00:10
524,23.2,83.8,8.4,2022-09-20 13:45:57,AE:20:30:00:10
525,20.3,83.8,8.4,2022-09-20 13:45:58,AE:20:30:00:10
526,18.5,83.8,8.4,2022-09-20 13:45:58,AE:20:30:00:10
527,22.8,83.8,8.4,2022-09-20 13:45:58,AE:20:30:00:10
528,22.2,83.8,8.4,2022-09-20 13:45:58,AE:20:30:00:10
529,23.1,83.8,8.4,2022-09-20 13:45:58,AE:20:30:00:10
530,30.8,83.8,8.4,2022-09-20 13:45:59,AE:20:30:00:10
531,23.6,83.8,8.4,2022-09-20 13:45:59,AE:20:30:00:10
532,6.9,83.8,8.4,2022-09-20 13:45:59,AE:20:30:00:10
533,10.0,83.8,8.4,2022-09-20 13:46:00,AE:20:30:00:10
534,18.7,83.9,8.4,2022-09-20 13:46:00,AE:20:30:00:10
535,23.7,83.9,8.4,2022-09-20 13:46:00,AE:20:30:00:10
536,8.9,83.9,8.4,2022-09-20 13:46:00,AE:20:30:00:10
537,26.0,83.9,8.4,2022-09-20 13:46:00,AE:20:30:00:10
538,26.3,83.9,8.4,2022-09-20 13:46:01,AE:20:30:00:10
539,27.2,83.9,8.4,2022-09-20 13:46:01,AE:20:30:00:10
540,29.5,83.7,8.4,2022-09-20 13:46:01,AE:20:30:00:10
541,23.5,83.7,8.4,2022-09-20 13:46:01,AE:20:30:00:10
542,12.5,83.7,8.4,2022-09-20 13:46:02,AE:20:30:00:10
543,14.6,83.7,8.4,2022-09-20 13:46:02,AE:20:30:00:10
544,9.0,83.7,8.4,2022-09-20 13:46:02,AE:20:30:00:10
545,11.5,83.7,8.4,2022-09-20 13:46:02,AE:20:30:00:10
546,18.7,83.6,8.4,2022-09-20 13:46:02,AE:20:30:00:10
547,10.8,83.6,8.4,2022-09-20 13:46:03,AE:20:30:00:10
548,24.7,83.6,8.4,2022-09-20 13:46:03,AE:20:30:00:10
549,11.5,83.6,8.4,2022-09-20 13:46:03,AE:20:30:00:10
550,10.1,83.7,8.4,2022-09-20 13:46:03,AE:20:30:00:10
551,10.8,83.6,8.4,2022-09-20 13:46:03,AE:20:30:00:10
552,18.7,83.7,8.4,2022-09-20 13:46:04,AE:20:30:00:10
553,10.8,83.7,8.4,2022-09-20 13:46:04,AE:20:30:00:10
554,10.0,83.7,8.4,2022-09-20 13:46:04,AE:20:30:00:10
555,11.1,83.7,8.4,2022-09-20 13:46:04,AE:20:30:00:10
556,11.8,83.7,8.4,2022-09-20 13:46:05,AE:20:30:00:10
557,9.1,83.7,8.4,2022-09-20 13:46:05,AE:20:30:00:10
558,10.4,83.7,8.4,2022-09-20 13:46:05,AE:20:30:00:10
559,6.1,83.7,8.4,2022-09-20 13:46:05,AE:20:30:00:10
560,13.9,83.7,8.4,2022-09-20 13:46:06,AE:20:30:00:10
561,10.0,83.7,8.4,2022-09-20 13:46:06,AE:20:30:00:10
562,17.1,83.7,8.4,2022-09-20 13:46:06,AE:20:30:00:10
563,9.0,83.7,8.4,2022-09-20 13:46:06,AE:20:30:00:10
564,8.7,83.7,8.4,2022-09-20 13:46:07,AE:20:30:00:10
565,17.0,83.7,8.4,2022-09-20 13:46:07,AE:20:30:00:10
566,16.5,83.7,8.4,2022-09-20 13:46:07,AE:20:30:00:10
567,15.7,83.7,8.4,2022-09-20 13:46:07,AE:20:30:00:10
568,6.9,83.7,8.4,2022-09-20 13:46:08,AE:20:30:00:10
569,7.4,83.7,8.4,2022-09-20 13:46:08,AE:20:30:00:10
570,7.3,83.7,8.4,2022-09-20 13:46:08,AE:20:30:00:10
571,10.2,83.7,8.4,2022-09-20 13:46:08,AE:20:30:00:10
572,12.2,83.7,8.4,2022-09-20 13:46:09,AE:20:30:00:10
573,9.2,83.7,8.4,2022-09-20 13:46:09,AE:20:30:00:10
574,9.2,83.7,8.4,2022-09-20 13:46:09,AE:20:30:00:10
575,9.8,83.7,8.4,2022-09-20 13:46:10,AE:20:30:00:10
576,10.2,83.7,8.4,2022-09-20 13:46:10,AE:20:30:00:10
577,6.5,83.7,8.4,2022-09-20 13:46:10,AE:20:30:00:10
578,10.2,83.7,8.4,2022-09-20 13:46:10,AE:20:30:00:10
579,6.3,83.7,8.4,2022-09-20 13:46:11,AE:20:30:00:10
580,12.6,83.7,8.4,2022-09-20 13:46:11,AE:20:30:00:10
581,5.8,83.7,8.4,2022-09-20 13:46:11,AE:20:30:00:10
582,12.2,83.7,8.4,2022-09-20 13:46:11,AE:20:30:00:10
583,11.1,83.7,8.4,2022-09-20 13:46:12,AE:20:30:00:10
584,27.2,84.1,8.4,2022-09-20 13:46:12,AE:20:30:00:10
585,27.0,84.2,8.4,2022-09-20 13:46:12,AE:20:30:00:10
586,31.7,84.2,8.4,2022-09-20 13:46:13,AE:20:30:00:10
587,26.6,84.3,8.4,2022-09-20 13:46:13,AE:20:30:00:10
588,16.3,84.4,8.4,2022-09-20 13:46:13,AE:20:30:00:10
589,16.2,84.4,8.4,2022-09-20 13:46:13,AE:20:30:00:10
590,10.1,84.4,8.4,2022-09-20 13:46:13,AE:20:30:00:10
591,14.3,84.4,8.4,2022-09-20 13:46:14,AE:20:30:00:10
592,13.3,84.4,8.4,2022-09-20 13:46:14,AE:20:30:00:10
593,11.9,84.4,8.4,2022-09-20 13:46:14,AE:20:30:00:10
594,25.0,84.0,8.4,2022-09-20 13:46:14,AE:20:30:00:10
595,24.4,83.9,8.4,2022-09-20 13:46:14,AE:20:30:00:10
596,12.0,83.9,8.4,2022-09-20 13:46:15,AE:20:30:00:10
597,9.3,83.9,8.4,2022-09-20 13:46:15,AE:20:30:00:10
598,13.2,83.9,8.4,2022-09-20 13:46:15,AE:20:30:00:10
599,7.6,83.9,8.4,2022-09-20 13:46:16,AE:20:30:00:10
600,10.0,83.9,8.4,2022-09-20 13:46:16,AE:20:30:00:10
601,6.5,83.9,8.4,2022-09-20 13:46:16,AE:20:30:00:10
602,9.2,83.9,8.4,2022-09-20 13:46:16,AE:20:30:00:10
603,10.0,83.9,8.4,2022-09-20 13:46:16,AE:20:30:00:10
604,9.8,83.9,8.4,2022-09-20 13:46:17,AE:20:30:00:10
605,12.2,83.9,8.4,2022-09-20 13:46:17,AE:20:30:00:10
606,9.8,83.9,8.4,2022-09-20 13:46:17,AE:20:30:00:10
607,10.0,83.8,8.4,2022-09-20 13:46:17,AE:20:30:00:10
608,13.4,83.8,8.4,2022-09-20 13:46:18,AE:20:30:00:10
609,6.2,83.8,8.4,2022-09-20 13:46:18,AE:20:30:00:10
610,28.4,83.8,8.4,2022-09-20 13:46:18,AE:20:30:00:10
611,26.4,83.8,8.4,2022-09-20 13:46:18,AE:20:30:00:10
612,37.2,83.8,8.4,2022-09-20 13:46:18,AE:20:30:00:10
613,27.7,83.9,8.4,2022-09-20 13:46:19,AE:20:30:00:10
614,27.4,83.9,8.4,2022-09-20 13:46:19,AE:20:30:00:10
615,26.6,84.0,8.4,2022-09-20 13:46:19,AE:20:30:00:10
616,23.3,84.0,8.4,2022-09-20 13:46:19,AE:20:30:00:10
617,21.2,84.0,8.4,2022-09-20 13:46:19,AE:20:30:00:10
618,20.5,84.0,8.4,2022-09-20 13:46:20,AE:20:30:00:10
619,25.9,84.0,8.4,2022-09-20 13:46:20,AE:20:30:00:10
620,16.2,84.0,8.4,2022-09-20 13:46:20,AE:20:30:00:10
621,31.3,83.9,8.4,2022-09-20 13:46:20,AE:20:30:00:10
622,24.1,83.9,8.4,2022-09-20 13:46:21,AE:20:30:00:10
623,25.6,83.9,8.4,2022-09-20 13:46:21,AE:20:30:00:10
624,19.5,83.9,8.4,2022-09-20 13:46:21,AE:20:30:00:10
625,20.2,83.9,8.4,2022-09-20 13:46:21,AE:20:30:00:10
626,18.5,83.9,8.4,2022-09-20 13:46:21,AE:20:30:00:10
627,14.8,83.9,8.4,2022-09-20 13:46:22,AE:20:30:00:10
628,8.2,83.9,8.4,2022-09-20 13:46:22,AE:20:30:00:10
629,18.3,83.9,8.4,2022-09-20 13:46:22,AE:20:30:00:10
630,9.8,83.9,8.4,2022-09-20 13:46:22,AE:20:30:00:10
631,11.9,83.9,8.4,2022-09-20 13:46:22,AE:20:30:00:10
632,8.6,83.9,8.4,2022-09-20 13:46:23,AE:20:30:00:10
633,10.8,83.9,8.4,2022-09-20 13:46:23,AE:20:30:00:10
634,8.3,83.9,8.4,2022-09-20 13:46:23,AE:20:30:00:10
635,7.7,83.9,8.4,2022-09-20 13:46:23,AE:20:30:00:10
636,11.8,83.9,8.4,2022-09-20 13:46:24,AE:20:30:00:10
637,10.0,83.9,8.4,2022-09-20 13:46:24,AE:20:30:00:10
638,9.9,83.9,8.4,2022-09-20 13:46:24,AE:20:30:00:10
639,6.6,83.9,8.4,2022-09-20 13:46:24,AE:20:30:00:10
640,6.5,83.9,8.4,2022-09-20 13:46:24,AE:20:30:00:10
641,9.1,83.9,8.4,2022-09-20 13:46:25,AE:20:30:00:10
642,7.9,83.9,8.4,2022-09-20 13:46:25,AE:20:30:00:10
643,9.3,83.9,8.4,2022-09-20 13:46:25,AE:20:30:00:10
644,7.8,83.9,8.4,2022-09-20 13:46:26,AE:20:30:00:10
645,6.1,83.9,8.4,2022-09-20 13:46:26,AE:20:30:00:10
646,8.9,83.9,8.4,2022-09-20 13:46:26,AE:20:30:00:10
647,10.8,83.9,8.4,2022-09-20 13:46:26,AE:20:30:00:10
648,7.1,83.9,8.4,2022-09-20 13:46:26,AE:20:30:00:10
649,7.7,83.9,8.4,2022-09-20 13:46:27,AE:20:30:00:10
650,18.5,83.9,8.4,2022-09-20 13:46:27,AE:20:30:00:10
651,17.7,83.9,8.4,2022-09-20 13:46:27,AE:20:30:00:10
652,24.7,83.9,8.4,2022-09-20 13:46:27,AE:20:30:00:10
653,10.7,83.9,8.4,2022-09-20 13:46:28,AE:20:30:00:10
654,10.9,83.9,8.4,2022-09-20 13:46:28,AE:20:30:00:10
655,22.1,83.9,8.4,2022-09-20 13:46:28,AE:20:30:00:10
656,20.0,83.9,8.4,2022-09-20 13:46:28,AE:20:30:00:10
657,18.2,83.9,8.4,2022-09-20 13:46:28,AE:20:30:00:10
658,31.7,83.9,8.4,2022-09-20 13:46:29,AE:20:30:00:10
659,14.8,83.9,8.4,2022-09-20 13:46:29,AE:20:30:00:10
660,25.9,83.9,8.4,2022-09-20 13:46:29,AE:20:30:00:10
661,22.6,83.9,8.4,2022-09-20 13:46:29,AE:20:30:00:10
662,22.5,83.9,8.4,2022-09-20 13:46:29,AE:20:30:00:10
663,21.3,83.9,8.4,2022-09-20 13:46:30,AE:20:30:00:10
664,17.7,83.9,8.4,2022-09-20 13:46:30,AE:20:30:00:10
665,7.1,83.9,8.4,2022-09-20 13:46:30,AE:20:30:00:10
666,12.8,83.9,8.4,2022-09-20 13:46:30,AE:20:30:00:10
667,25.6,83.9,8.4,2022-09-20 13:46:31,AE:20:30:00:10
668,20.7,83.9,8.4,2022-09-20 13:46:31,AE:20:30:00:10
669,22.5,83.9,8.4,2022-09-20 13:46:31,AE:20:30:00:10
670,22.6,83.9,8.4,2022-09-20 13:46:31,AE:20:30:00:10
671,30.1,83.9,8.4,2022-09-20 13:46:32,AE:20:30:00:10
672,23.4,83.9,8.4,2022-09-20 13:46:32,AE:20:30:00:10
673,11.4,83.9,8.4,2022-09-20 13:46:32,AE:20:30:00:10
674,30.0,83.9,8.4,2022-09-20 13:46:32,AE:20:30:00:10
675,28.8,83.9,8.4,2022-09-20 13:46:32,AE:20:30:00:10
676,16.0,83.9,8.4,2022-09-20 13:46:33,AE:20:30:00:10
677,15.7,83.9,8.4,2022-09-20 13:46:33,AE:20:30:00:10
678,22.9,83.9,8.4,2022-09-20 13:46:33,AE:20:30:00:10
679,25.9,84.0,8.4,2022-09-20 13:46:33,AE:20:30:00:10
680,8.6,84.0,8.4,2022-09-20 13:46:33,AE:20:30:00:10
681,14.1,84.0,8.4,2022-09-20 13:46:34,AE:20:30:00:10
682,10.5,84.0,8.4,2022-09-20 13:46:34,AE:20:30:00:10
683,9.0,84.0,8.4,2022-09-20 13:46:34,AE:20:30:00:10
684,6.7,84.0,8.4,2022-09-20 13:46:35,AE:20:30:00:10
685,10.8,84.1,8.4,2022-09-20 13:46:35,AE:20:30:00:10
686,7.1,84.1,8.4,2022-09-20 13:46:35,AE:20:30:00:10
687,12.8,84.0,8.4,2022-09-20 13:46:36,AE:20:30:00:10
688,7.6,84.0,8.4,2022-09-20 13:46:36,AE:20:30:00:10
689,7.5,84.0,8.4,2022-09-20 13:46:36,AE:20:30:00:10
690,7.5,83.9,8.4,2022-09-20 13:46:37,AE:20:30:00:10
691,9.7,83.9,8.4,2022-09-20 13:46:37,AE:20:30:00:10
692,8.0,83.9,8.4,2022-09-20 13:46:37,AE:20:30:00:10
693,8.5,84.0,8.4,2022-09-20 13:46:37,AE:20:30:00:10
694,4.7,84.0,8.4,2022-09-20 13:46:38,AE:20:30:00:10
695,7.6,83.9,8.4,2022-09-20 13:46:38,AE:20:30:00:10
696,7.0,83.9,8.4,2022-09-20 13:46:38,AE:20:30:00:10
697,11.2,84.0,8.4,2022-09-20 13:46:39,AE:20:30:00:10
698,3.8,84.0,8.4,2022-09-20 13:46:39,AE:20:30:00:10
699,6.1,84.0,8.4,2022-09-20 13:46:39,AE:20:30:00:10
700,5.4,84.0,8.4,2022-09-20 13:46:39,AE:20:30:00:10
701,12.4,84.0,8.4,2022-09-20 13:46:40,AE:20:30:00:10
702,5.8,84.0,8.4,2022-09-20 13:46:40,AE:20:30:00:10
703,10.2,84.0,8.4,2022-09-20 13:46:40,AE:20:30:00:10
704,8.9,84.0,8.4,2022-09-20 13:46:41,AE:20:30:00:10
705,6.2,84.0,8.4,2022-09-20 13:46:41,AE:20:30:00:10
706,21.4,84.3,8.4,2022-09-20 13:46:41,AE:20:30:00:10
707,13.6,84.3,8.4,2022-09-20 13:46:41,AE:20:30:00:10
708,17.1,84.3,8.4,2022-09-20 13:46:42,AE:20:30:00:10
709,5.3,84.3,8.4,2022-09-20 13:46:42,AE:20:30:00:10
710,10.0,84.3,8.4,2022-09-20 13:46:42,AE:20:30:00:10
711,9.8,84.3,8.4,2022-09-20 13:46:42,AE:20:30:00:10
712,8.6,84.3,8.4,2022-09-20 13:46:43,AE:20:30:00:10
713,6.4,84.3,8.4,2022-09-20 13:46:43,AE:20:30:00:10
714,8.5,84.3,8.4,2022-09-20 13:46:43,AE:20:30:00:10
715,9.1,84.1,8.4,2022-09-20 13:46:43,AE:20:30:00:10
716,7.7,84.1,8.4,2022-09-20 13:46:43,AE:20:30:00:10
717,13.2,84.1,8.4,2022-09-20 13:46:44,AE:20:30:00:10
718,8.7,84.1,8.4,2022-09-20 13:46:44,AE:20:30:00:10
719,14.8,84.1,8.4,2022-09-20 13:46:44,AE:20:30:00:10
720,3.9,84.1,8.4,2022-09-20 13:46:44,AE:20:30:00:10
721,7.8,84.1,8.4,2022-09-20 13:46:44,AE:20:30:00:10
722,13.4,84.1,8.4,2022-09-20 13:46:45,AE:20:30:00:10
723,7.2,84.1,8.4,2022-09-20 13:46:45,AE:20:30:00:10
724,6.5,84.1,8.4,2022-09-20 13:46:45,AE:20:30:00:10
725,6.3,84.1,8.4,2022-09-20 13:46:45,AE:20:30:00:10
726,19.0,84.0,8.4,2022-09-20 13:46:46,AE:20:30:00:10
727,27.9,84.0,8.4,2022-09-20 13:46:46,AE:20:30:00:10
728,21.3,83.9,8.4,2022-09-20 13:46:46,AE:20:30:00:10
729,18.4,84.0,8.4,2022-09-20 13:46:46,AE:20:30:00:10
730,27.5,84.1,8.4,2022-09-20 13:46:46,AE:20:30:00:10
731,12.7,84.1,8.4,2022-09-20 13:46:47,AE:20:30:00:10
732,12.8,84.1,8.4,2022-09-20 13:46:47,AE:20:30:00:10
733,7.9,84.1,8.4,2022-09-20 13:46:47,AE:20:30:00:10
734,8.8,84.1,8.4,2022-09-20 13:46:47,AE:20:30:00:10
735,5.2,84.1,8.4,2022-09-20 13:46:48,AE:20:30:00:10
736,8.7,84.1,8.4,2022-09-20 13:46:48,AE:20:30:00:10
737,8.8,84.1,8.4,2022-09-20 13:46:48,AE:20:30:00:10
738,20.3,84.0,8.4,2022-09-20 13:46:48,AE:20:30:00:10
739,24.1,84.0,8.4,2022-09-20 13:46:49,AE:20:30:00:10
740,12.0,84.0,8.4,2022-09-20 13:46:49,AE:20:30:00:10
741,30.0,84.0,8.4,2022-09-20 13:46:49,AE:20:30:00:10
742,25.6,84.0,8.4,2022-09-20 13:46:49,AE:20:30:00:10
743,26.7,84.0,8.4,2022-09-20 13:46:49,AE:20:30:00:10
744,19.5,84.1,8.4,2022-09-20 13:46:50,AE:20:30:00:10
745,16.0,84.0,8.4,2022-09-20 13:46:50,AE:20:30:00:10
746,19.1,84.1,8.4,2022-09-20 13:46:50,AE:20:30:00:10
747,8.6,84.1,8.4,2022-09-20 13:46:50,AE:20:30:00:10
748,9.8,84.1,8.4,2022-09-20 13:46:51,AE:20:30:00:10
749,20.9,84.3,8.4,2022-09-20 13:46:51,AE:20:30:00:10
750,16.5,84.3,8.4,2022-09-20 13:46:51,AE:20:30:00:10
751,7.6,84.3,8.4,2022-09-20 13:46:51,AE:20:30:00:10
752,10.8,84.3,8.4,2022-09-20 13:46:52,AE:20:30:00:10
753,12.6,84.4,8.4,2022-09-20 13:46:52,AE:20:30:00:10
754,27.2,84.4,8.4,2022-09-20 13:46:52,AE:20:30:00:10
755,6.8,84.4,8.4,2022-09-20 13:46:53,AE:20:30:00:10
756,12.3,84.4,8.4,2022-09-20 13:46:53,AE:20:30:00:10
757,8.5,84.4,8.4,2022-09-20 13:46:53,AE:20:30:00:10
758,8.1,84.4,8.4,2022-09-20 13:46:53,AE:20:30:00:10
759,19.4,84.4,8.4,2022-09-20 13:46:54,AE:20:30:00:10
760,7.6,84.4,8.4,2022-09-20 13:46:54,AE:20:30:00:10
761,6.3,84.4,8.4,2022-09-20 13:46:54,AE:20:30:00:10
762,11.1,84.3,8.4,2022-09-20 13:46:54,AE:20:30:00:10
763,9.0,84.3,8.4,2022-09-20 13:46:54,AE:20:30:00:10
764,16.5,84.3,8.4,2022-09-20 13:46:55,AE:20:30:00:10
765,30.9,84.2,8.4,2022-09-20 13:46:55,AE:20:30:00:10
766,32.9,84.5,8.4,2022-09-20 13:46:55,AE:20:30:00:10
767,24.7,84.6,8.4,2022-09-20 13:46:55,AE:20:30:00:10
768,26.6,84.7,8.4,2022-09-20 13:46:56,AE:20:30:00:10
769,21.2,84.7,8.4,2022-09-20 13:46:56,AE:20:30:00:10
770,12.0,84.7,8.4,2022-09-20 13:46:56,AE:20:30:00:10
771,8.3,84.4,8.4,2022-09-20 13:46:56,AE:20:30:00:10
772,10.6,84.4,8.4,2022-09-20 13:46:57,AE:20:30:00:10
773,12.8,84.4,8.4,2022-09-20 13:46:57,AE:20:30:00:10
774,15.0,84.2,8.4,2022-09-20 13:46:57,AE:20:30:00:10
775,15.0,84.2,8.4,2022-09-20 13:46:58,AE:20:30:00:10
776,11.2,84.2,8.4,2022-09-20 13:46:58,AE:20:30:00:10
777,19.6,84.2,8.4,2022-09-20 13:46:58,AE:20:30:00:10
778,11.3,84.2,8.4,2022-09-20 13:46:59,AE:20:30:00:10
779,11.8,84.3,8.4,2022-09-20 13:46:59,AE:20:30:00:10
780,9.7,84.3,8.4,2022-09-20 13:46:59,AE:20:30:00:10
781,8.7,84.3,8.4,2022-09-20 13:46:59,AE:20:30:00:10
782,8.6,84.1,8.4,2022-09-20 13:47:00,AE:20:30:00:10
783,6.6,84.1,8.4,2022-09-20 13:47:00,AE:20:30:00:10
784,7.3,84.1,8.4,2022-09-20 13:47:00,AE:20:30:00:10
785,8.8,84.1,8.4,2022-09-20 13:47:01,AE:20:30:00:10
786,7.0,84.1,8.4,2022-09-20 13:47:01,AE:20:30:00:10
787,14.1,84.3,8.4,2022-09-20 13:47:01,AE:20:30:00:10
788,12.7,84.3,8.4,2022-09-20 13:47:02,AE:20:30:00:10
789,11.5,84.4,8.4,2022-09-20 13:47:02,AE:20:30:00:10
790,21.4,84.5,8.4,2022-09-20 13:47:02,AE:20:30:00:10
791,22.8,85.0,8.4,2022-09-20 13:47:03,AE:20:30:00:10
792,13.9,85.0,8.4,2022-09-20 13:47:03,AE:20:30:00:10
793,20.2,85.1,8.4,2022-09-20 13:47:04,AE:20:30:00:10
794,14.8,85.0,8.4,2022-09-20 13:47:04,AE:20:30:00:10
795,19.0,84.6,8.4,2022-09-20 13:47:05,AE:20:30:00:10
796,13.2,84.6,8.4,2022-09-20 13:47:05,AE:20:30:00:10
797,11.7,84.6,8.4,2022-09-20 13:47:05,AE:20:30:00:10
798,22.8,84.7,8.4,2022-09-20 13:47:06,AE:20:30:00:10
799,24.5,84.8,8.4,2022-09-20 13:47:06,AE:20:30:00:10
800,17.6,84.8,8.4,2022-09-20 13:47:06,AE:20:30:00:10
801,31.0,84.8,8.4,2022-09-20 13:47:06,AE:20:30:00:10
802,22.8,84.9,8.4,2022-09-20 13:47:07,AE:20:30:00:10
803,11.4,84.9,8.4,2022-09-20 13:47:07,AE:20:30:00:10
804,11.3,84.9,8.4,2022-09-20 13:47:07,AE:20:30:00:10
805,9.9,84.8,8.4,2022-09-20 13:47:07,AE:20:30:00:10
806,9.0,84.8,8.4,2022-09-20 13:47:08,AE:20:30:00:10
807,41.2,84.7,8.4,2022-09-20 13:47:08,AE:20:30:00:10
808,8.9,84.6,8.4,2022-09-20 13:47:08,AE:20:30:00:10
809,26.3,84.5,8.4,2022-09-20 13:47:08,AE:20:30:00:10
810,16.5,84.5,8.4,2022-09-20 13:47:08,AE:20:30:00:10
811,18.2,84.5,8.4,2022-09-20 13:47:09,AE:20:30:00:10
812,22.2,84.5,8.4,2022-09-20 13:47:09,AE:20:30:00:10
813,15.0,84.5,8.4,2022-09-20 13:47:09,AE:20:30:00:10
814,15.0,84.5,8.4,2022-09-20 13:47:09,AE:20:30:00:10
815,18.7,84.6,8.4,2022-09-20 13:47:09,AE:20:30:00:10
816,13.0,84.6,8.4,2022-09-20 13:47:10,AE:20:30:00:10
817,13.0,84.6,8.4,2022-09-20 13:47:10,AE:20:30:00:10
818,17.6,84.5,8.4,2022-09-20 13:47:10,AE:20:30:00:10
819,10.1,84.5,8.4,2022-09-20 13:47:10,AE:20:30:00:10
820,13.8,84.5,8.4,2022-09-20 13:47:11,AE:20:30:00:10
821,12.2,84.5,8.4,2022-09-20 13:47:11,AE:20:30:00:10
822,16.0,84.5,8.4,2022-09-20 13:47:11,AE:20:30:00:10
823,16.3,84.5,8.4,2022-09-20 13:47:11,AE:20:30:00:10
824,10.0,84.5,8.4,2022-09-20 13:47:12,AE:20:30:00:10
825,11.0,84.5,8.4,2022-09-20 13:47:12,AE:20:30:00:10
826,7.7,84.5,8.4,2022-09-20 13:47:12,AE:20:30:00:10
827,20.8,84.5,8.4,2022-09-20 13:47:12,AE:20:30:00:10
828,12.7,84.5,8.4,2022-09-20 13:47:13,AE:20:30:00:10
829,17.3,84.5,8.4,2022-09-20 13:47:13,AE:20:30:00:10
830,8.9,84.5,8.4,2022-09-20 13:47:13,AE:20:30:00:10
831,11.0,84.5,8.4,2022-09-20 13:47:13,AE:20:30:00:10
832,9.8,84.5,8.4,2022-09-20 13:47:13,AE:20:30:00:10
833,17.1,84.5,8.4,2022-09-20 13:47:14,AE:20:30:00:10
834,10.2,84.5,8.4,2022-09-20 13:47:14,AE:20:30:00:10
835,14.5,84.5,8.4,2022-09-20 13:47:14,AE:20:30:00:10
836,11.0,84.4,8.4,2022-09-20 13:47:14,AE:20:30:00:10
837,13.4,84.4,8.4,2022-09-20 13:47:15,AE:20:30:00:10
838,13.3,84.4,8.4,2022-09-20 13:47:15,AE:20:30:00:10
839,10.9,84.4,8.4,2022-09-20 13:47:15,AE:20:30:00:10
840,8.0,84.4,8.4,2022-09-20 13:47:15,AE:20:30:00:10
841,19.3,84.5,8.4,2022-09-20 13:47:15,AE:20:30:00:10
842,30.7,84.5,8.4,2022-09-20 13:47:16,AE:20:30:00:10
843,28.4,84.5,8.4,2022-09-20 13:47:16,AE:20:30:00:10
844,22.2,84.5,8.4,2022-09-20 13:47:16,AE:20:30:00:10
845,27.5,84.6,8.4,2022-09-20 13:47:16,AE:20:30:00:10
846,11.5,84.6,8.4,2022-09-20 13:47:16,AE:20:30:00:10
847,12.3,84.6,8.4,2022-09-20 13:47:17,AE:20:30:00:10
848,14.5,84.6,8.4,2022-09-20 13:47:17,AE:20:30:00:10
849,9.6,84.6,8.4,2022-09-20 13:47:17,AE:20:30:00:10
850,15.4,84.5,8.4,2022-09-20 13:47:17,AE:20:30:00:10
851,9.9,84.4,8.4,2022-09-20 13:47:18,AE:20:30:00:10
852,11.1,84.4,8.4,2022-09-20 13:47:18,AE:20:30:00:10
853,11.1,84.4,8.4,2022-09-20 13:47:18,AE:20:30:00:10
854,11.1,84.4,8.4,2022-09-20 13:47:18,AE:20:30:00:10
855,14.5,84.4,8.4,2022-09-20 13:47:18,AE:20:30:00:10
856,15.9,84.4,8.4,2022-09-20 13:47:19,AE:20:30:00:10
857,11.1,84.4,8.4,2022-09-20 13:47:19,AE:20:30:00:10
858,14.3,84.4,8.4,2022-09-20 13:47:19,AE:20:30:00:10
859,10.1,84.4,8.4,2022-09-20 13:47:19,AE:20:30:00:10
860,16.2,84.4,8.4,2022-09-20 13:47:19,AE:20:30:00:10
861,20.5,84.4,8.4,2022-09-20 13:47:20,AE:20:30:00:10
862,20.0,84.4,8.4,2022-09-20 13:47:20,AE:20:30:00:10
863,28.6,84.4,8.4,2022-09-20 13:47:20,AE:20:30:00:10
864,8.2,84.4,8.4,2022-09-20 13:47:20,AE:20:30:00:10
865,20.3,84.5,8.4,2022-09-20 13:47:21,AE:20:30:00:10
866,16.7,84.5,8.4,2022-09-20 13:47:21,AE:20:30:00:10
867,26.3,84.5,8.4,2022-09-20 13:47:21,AE:20:30:00:10
868,24.4,84.5,8.4,2022-09-20 13:47:21,AE:20:30:00:10
869,6.2,84.5,8.4,2022-09-20 13:47:22,AE:20:30:00:10
870,14.0,84.5,8.4,2022-09-20 13:47:22,AE:20:30:00:10
871,18.3,84.6,8.4,2022-09-20 13:47:22,AE:20:30:00:10
872,13.7,84.6,8.4,2022-09-20 13:47:22,AE:20:30:00:10
873,15.4,84.6,8.4,2022-09-20 13:47:22,AE:20:30:00:10
874,10.1,84.6,8.4,2022-09-20 13:47:23,AE:20:30:00:10
875,10.0,84.6,8.4,2022-09-20 13:47:23,AE:20:30:00:10
876,24.7,84.5,8.4,2022-09-20 13:47:23,AE:20:30:00:10
877,23.9,84.5,8.4,2022-09-20 13:47:23,AE:20:30:00:10
878,17.0,84.6,8.4,2022-09-20 13:47:24,AE:20:30:00:10
879,15.4,84.6,8.4,2022-09-20 13:47:24,AE:20:30:00:10
880,14.3,84.5,8.4,2022-09-20 13:47:24,AE:20:30:00:10
881,24.1,84.6,8.4,2022-09-20 13:47:24,AE:20:30:00:10
882,18.1,84.6,8.4,2022-09-20 13:47:24,AE:20:30:00:10
883,19.0,84.6,8.4,2022-09-20 13:47:25,AE:20:30:00:10
884,14.1,84.6,8.4,2022-09-20 13:47:25,AE:20:30:00:10
885,9.5,84.6,8.4,2022-09-20 13:47:25,AE:20:30:00:10
886,21.8,84.6,8.4,2022-09-20 13:47:25,AE:20:30:00:10
887,21.8,84.6,8.4,2022-09-20 13:47:26,AE:20:30:00:10
888,24.7,84.6,8.4,2022-09-20 13:47:26,AE:20:30:00:10
889,14.3,84.6,8.4,2022-09-20 13:47:26,AE:20:30:00:10
890,13.3,84.6,8.4,2022-09-20 13:47:26,AE:20:30:00:10
891,28.8,84.5,8.4,2022-09-20 13:47:26,AE:20:30:00:10
892,15.7,84.5,8.4,2022-09-20 13:47:27,AE:20:30:00:10
893,11.4,84.5,8.4,2022-09-20 13:47:27,AE:20:30:00:10
894,12.3,84.5,8.4,2022-09-20 13:47:27,AE:20:30:00:10
895,10.3,84.5,8.4,2022-09-20 13:47:27,AE:20:30:00:10
896,10.3,84.5,8.4,2022-09-20 13:47:27,AE:20:30:00:10
897,6.3,84.5,8.4,2022-09-20 13:47:28,AE:20:30:00:10
898,10.7,84.5,8.4,2022-09-20 13:47:28,AE:20:30:00:10
899,16.3,84.4,8.4,2022-09-20 13:47:28,AE:20:30:00:10
900,13.6,84.4,8.4,2022-09-20 13:47:28,AE:20:30:00:10
901,15.4,84.5,8.4,2022-09-20 13:47:29,AE:20:30:00:10
902,10.3,84.5,8.4,2022-09-20 13:47:29,AE:20:30:00:10
903,20.6,84.5,8.4,2022-09-20 13:47:29,AE:20:30:00:10
904,11.1,84.5,8.4,2022-09-20 13:47:29,AE:20:30:00:10
905,11.2,84.5,8.4,2022-09-20 13:47:29,AE:20:30:00:10
906,20.7,84.5,8.4,2022-09-20 13:47:30,AE:20:30:00:10
907,8.6,84.5,8.4,2022-09-20 13:47:30,AE:20:30:00:10
908,12.3,84.5,8.4,2022-09-20 13:47:30,AE:20:30:00:10
909,12.2,84.4,8.4,2022-09-20 13:47:30,AE:20:30:00:10
910,13.7,84.4,8.4,2022-09-20 13:47:31,AE:20:30:00:10
911,12.0,84.4,8.4,2022-09-20 13:47:31,AE:20:30:00:10
912,16.2,84.4,8.4,2022-09-20 13:47:31,AE:20:30:00:10
913,25.8,84.5,8.4,2022-09-20 13:47:31,AE:20:30:00:10
914,15.5,84.5,8.4,2022-09-20 13:47:31,AE:20:30:00:10
915,12.3,84.5,8.4,2022-09-20 13:47:32,AE:20:30:00:10
916,16.9,84.5,8.4,2022-09-20 13:47:32,AE:20:30:00:10
917,22.2,84.5,8.4,2022-09-20 13:47:32,AE:20:30:00:10
918,13.6,84.5,8.4,2022-09-20 13:47:32,AE:20:30:00:10
919,28.3,84.5,8.4,2022-09-20 13:47:33,AE:20:30:00:10
920,23.2,84.5,8.4,2022-09-20 13:47:33,AE:20:30:00:10
921,22.8,84.5,8.4,2022-09-20 13:47:33,AE:20:30:00:10
922,11.5,84.5,8.4,2022-09-20 13:47:33,AE:20:30:00:10
923,22.9,84.6,8.4,2022-09-20 13:47:34,AE:20:30:00:10
924,12.3,84.6,8.4,2022-09-20 13:47:34,AE:20:30:00:10
925,14.8,84.6,8.4,2022-09-20 13:47:34,AE:20:30:00:10
926,11.4,84.5,8.4,2022-09-20 13:47:34,AE:20:30:00:10
927,14.8,84.5,8.4,2022-09-20 13:47:34,AE:20:30:00:10
928,19.3,84.5,8.4,2022-09-20 13:47:35,AE:20:30:00:10
929,14.8,84.5,8.4,2022-09-20 13:47:35,AE:20:30:00:10
930,8.6,84.5,8.4,2022-09-20 13:47:35,AE:20:30:00:10
931,10.9,84.5,8.4,2022-09-20 13:47:35,AE:20:30:00:10
932,11.4,84.5,8.4,2022-09-20 13:47:36,AE:20:30:00:10
933,7.6,84.5,8.4,2022-09-20 13:47:36,AE:20:30:00:10
934,20.2,84.5,8.4,2022-09-20 13:47:36,AE:20:30:00:10
935,7.3,84.5,8.4,2022-09-20 13:47:36,AE:20:30:00:10
936,13.7,84.5,8.4,2022-09-20 13:47:36,AE:20:30:00:10
937,14.8,84.5,8.4,2022-09-20 13:47:37,AE:20:30:00:10
938,5.3,84.5,8.4,2022-09-20 13:47:37,AE:20:30:00:10
939,16.9,84.5,8.4,2022-09-20 13:47:37,AE:20:30:00:10
940,9.3,84.4,8.4,2022-09-20 13:47:37,AE:20:30:00:10
941,12.3,84.4,8.4,2022-09-20 13:47:38,AE:20:30:00:10
942,13.3,84.4,8.4,2022-09-20 13:47:38,AE:20:30:00:10
943,16.0,84.4,8.4,2022-09-20 13:47:38,AE:20:30:00:10
944,9.1,84.4,8.4,2022-09-20 13:47:38,AE:20:30:00:10
945,9.0,84.4,8.4,2022-09-20 13:47:38,AE:20:30:00:10
946,22.2,84.5,8.4,2022-09-20 13:47:39,AE:20:30:00:10
947,14.5,84.4,8.4,2022-09-20 13:47:39,AE:20:30:00:10
948,14.6,84.4,8.4,2022-09-20 13:47:39,AE:20:30:00:10
949,11.7,84.4,8.4,2022-09-20 13:47:39,AE:20:30:00:10
950,12.8,84.5,8.4,2022-09-20 13:47:39,AE:20:30:00:10
951,11.4,84.4,8.4,2022-09-20 13:47:40,AE:20:30:00:10
952,11.9,84.4,8.4,2022-09-20 13:47:40,AE:20:30:00:10
953,13.6,84.4,8.4,2022-09-20 13:47:40,AE:20:30:00:10
954,10.3,84.4,8.4,2022-09-20 13:47:40,AE:20:30:00:10
955,25.7,84.6,8.4,2022-09-20 13:47:41,AE:20:30:00:10
956,29.3,84.6,8.4,2022-09-20 13:47:41,AE:20:30:00:10
957,23.5,84.7,8.4,2022-09-20 13:47:41,AE:20:30:00:10
958,26.9,84.8,8.4,2022-09-20 13:47:41,AE:20:30:00:10
959,11.1,84.8,8.4,2022-09-20 13:47:42,AE:20:30:00:10
960,12.8,84.8,8.4,2022-09-20 13:47:42,AE:20:30:00:10
961,28.4,84.6,8.4,2022-09-20 13:47:42,AE:20:30:00:10
962,32.9,84.6,8.4,2022-09-20 13:47:42,AE:20:30:00:10
963,30.5,84.6,8.4,2022-09-20 13:47:43,AE:20:30:00:10
964,19.3,84.6,8.4,2022-09-20 13:47:43,AE:20:30:00:10
965,10.4,84.6,8.4,2022-09-20 13:47:43,AE:20:30:00:10
966,12.9,84.4,8.4,2022-09-20 13:47:43,AE:20:30:00:10
967,20.6,84.5,8.4,2022-09-20 13:47:44,AE:20:30:00:10
968,13.9,84.5,8.4,2022-09-20 13:47:44,AE:20:30:00:10
969,11.2,84.5,8.4,2022-09-20 13:47:44,AE:20:30:00:10
970,7.7,84.4,8.4,2022-09-20 13:47:44,AE:20:30:00:10
971,10.0,84.4,8.4,2022-09-20 13:47:44,AE:20:30:00:10
972,10.3,84.4,8.4,2022-09-20 13:47:45,AE:20:30:00:10
973,7.7,84.4,8.4,2022-09-20 13:47:45,AE:20:30:00:10
974,11.1,84.4,8.4,2022-09-20 13:47:45,AE:20:30:00:10
975,13.7,84.3,8.4,2022-09-20 13:47:45,AE:20:30:00:10
976,13.6,84.3,8.4,2022-09-20 13:47:45,AE:20:30:00:10
977,10.0,84.3,8.4,2022-09-20 13:47:46,AE:20:30:00:10
978,8.9,84.3,8.4,2022-09-20 13:47:46,AE:20:30:00:10
979,6.4,84.3,8.4,2022-09-20 13:47:46,AE:20:30:00:10
980,17.5,84.3,8.4,2022-09-20 13:47:46,AE:20:30:00:10
981,9.9,84.3,8.4,2022-09-20 13:47:47,AE:20:30:00:10
982,13.5,84.4,8.4,2022-09-20 13:47:47,AE:20:30:00:10
983,11.0,84.4,8.4,2022-09-20 13:47:47,AE:20:30:00:10
984,10.2,84.4,8.4,2022-09-20 13:47:47,AE:20:30:00:10
985,8.5,84.4,8.4,2022-09-20 13:47:48,AE:20:30:00:10
